{
  "run_id": "baseline_v1",
  "timestamp": "2026-04-25T18:55:36",
  "config": {
    "use_bm25": false,
    "use_rrf": false,
    "use_rerank": false,
    "topic_alignment": false,
    "retrieve_top_k": 10,
    "embedding_model": "BAAI/bge-small-zh-v1.5",
    "llm_model": "deepseek-chat",
    "skip_generation_eval": false,
    "note": ""
  },
  "n_total": 100,
  "n_valid": 100,
  "n_failed": 0,
  "aggregated": {
    "retrieval": {
      "hit@5": 0.89,
      "recall@5": 0.84875,
      "mrr@10": 0.6281944444444444
    },
    "routing": {
      "accuracy": 0.48
    },
    "generation": {
      "faithfulness": 0.6714660646179007,
      "answer_relevancy": 0.9000457951972044
    },
    "system": {
      "latency_p50_ms": 9856.07,
      "latency_p95_ms": 15968.991999999998,
      "latency_retrieve_p50_ms": 5340.73,
      "latency_generate_p50_ms": 4056.795
    }
  },
  "by_question_type": {
    "step_by_step": {
      "n": 15,
      "hit@5": 1.0,
      "recall@5": 1.0,
      "mrr@10": 0.6,
      "routing_correct": 1.0,
      "faithfulness": 0.6153086820803022,
      "answer_relevancy": 0.8993900022366101,
      "latency_ms_mean": 16018.789333333332
    },
    "multi_hop": {
      "n": 15,
      "hit@5": 0.3333333333333333,
      "recall@5": 0.058333333333333334,
      "mrr@10": 0.20462962962962963,
      "routing_correct": 0.06666666666666667,
      "faithfulness": 0.6498046833340951,
      "answer_relevancy": 0.8949936266887603,
      "latency_ms_mean": 10554.321333333331
    },
    "entity_relation": {
      "n": 15,
      "hit@5": 1.0,
      "recall@5": 1.0,
      "mrr@10": 0.5833333333333334,
      "routing_correct": 0.0,
      "faithfulness": 0.7412307035165654,
      "answer_relevancy": 0.9047214852565055,
      "latency_ms_mean": 9320.024000000001
    },
    "attribute_query": {
      "n": 15,
      "hit@5": 1.0,
      "recall@5": 1.0,
      "mrr@10": 0.7333333333333333,
      "routing_correct": 1.0,
      "faithfulness": 0.8269191919191919,
      "answer_relevancy": 0.9426403836046031,
      "latency_ms_mean": 8959.423333333334
    },
    "causal": {
      "n": 15,
      "hit@5": 0.9333333333333333,
      "recall@5": 0.9333333333333333,
      "mrr@10": 0.8166666666666667,
      "routing_correct": 0.06666666666666667,
      "faithfulness": 0.23497835497835498,
      "answer_relevancy": 0.8792491009088319,
      "latency_ms_mean": 12251.394666666667
    },
    "simple_fact": {
      "n": 15,
      "hit@5": 1.0,
      "recall@5": 1.0,
      "mrr@10": 0.6166666666666667,
      "routing_correct": 0.9333333333333333,
      "faithfulness": 0.9305555555555556,
      "answer_relevancy": 0.8713552310571547,
      "latency_ms_mean": 7061.6539999999995
    },
    "comparison": {
      "n": 10,
      "hit@5": 1.0,
      "recall@5": 1.0,
      "mrr@10": 0.95,
      "routing_correct": 0.2,
      "faithfulness": 0.7108491508491509,
      "answer_relevancy": 0.9119332073433446,
      "latency_ms_mean": 10265.134999999998
    }
  },
  "by_expected_strategy": {
    "hybrid_traditional": {
      "n": 45,
      "hit@5": 1.0,
      "recall@5": 1.0,
      "mrr@10": 0.65,
      "routing_correct": 0.9777777777777777,
      "faithfulness": 0.7949191536646691,
      "answer_relevancy": 0.904461872299456,
      "latency_ms_mean": 10679.955555555554
    },
    "graph_rag": {
      "n": 45,
      "hit@5": 0.7555555555555555,
      "recall@5": 0.6638888888888889,
      "mrr@10": 0.5348765432098765,
      "routing_correct": 0.044444444444444446,
      "faithfulness": 0.5420045806096716,
      "answer_relevancy": 0.8929880709513659,
      "latency_ms_mean": 10708.58
    },
    "combined": {
      "n": 10,
      "hit@5": 1.0,
      "recall@5": 1.0,
      "mrr@10": 0.95,
      "routing_correct": 0.2,
      "faithfulness": 0.7108491508491509,
      "answer_relevancy": 0.9119332073433446,
      "latency_ms_mean": 10265.134999999998
    }
  },
  "by_difficulty": {
    "medium": {
      "n": 30,
      "hit@5": 1.0,
      "recall@5": 1.0,
      "mrr@10": 0.5916666666666667,
      "routing_correct": 0.5,
      "faithfulness": 0.6804407621335417,
      "answer_relevancy": 0.9020557437465578,
      "latency_ms_mean": 12669.406666666668
    },
    "hard": {
      "n": 40,
      "hit@5": 0.725,
      "recall@5": 0.621875,
      "mrr@10": 0.6204861111111112,
      "routing_correct": 0.1,
      "faithfulness": 0.5095059270794564,
      "answer_relevancy": 0.8933243246849333,
      "latency_ms_mean": 11118.427249999999
    },
    "easy": {
      "n": 30,
      "hit@5": 1.0,
      "recall@5": 1.0,
      "mrr@10": 0.675,
      "routing_correct": 0.9666666666666667,
      "faithfulness": 0.8787373737373738,
      "answer_relevancy": 0.9069978073308786,
      "latency_ms_mean": 8010.538666666668
    }
  }
}