{
  "run_id": "retrieval_v2",
  "timestamp": "2026-05-02T19:19:10",
  "config": {
    "use_bm25": false,
    "use_rrf": false,
    "use_rerank": false,
    "topic_alignment": false,
    "retrieve_top_k": 10,
    "embedding_model": "BAAI/bge-small-zh-v1.5",
    "llm_model": "deepseek-chat",
    "skip_generation_eval": false,
    "note": ""
  },
  "n_total": 100,
  "n_valid": 100,
  "n_failed": 0,
  "aggregated": {
    "retrieval": {
      "hit@5": 0.99,
      "recall@5": 0.915,
      "mrr@10": 0.9390833333333333
    },
    "routing": {
      "accuracy": 1.0
    },
    "generation": {
      "faithfulness": 0.7339990166354942,
      "answer_relevancy": 0.9059065387646359
    },
    "system": {
      "latency_p50_ms": 5214.075000000001,
      "latency_p95_ms": 12181.9965,
      "latency_retrieve_p50_ms": 1934.3,
      "latency_generate_p50_ms": 3464.7
    }
  },
  "by_question_type": {
    "step_by_step": {
      "n": 15,
      "hit@5": 1.0,
      "recall@5": 1.0,
      "mrr@10": 0.9666666666666667,
      "routing_correct": 1.0,
      "faithfulness": 0.7197634598689339,
      "answer_relevancy": 0.9174956401189167,
      "latency_ms_mean": 11249.106666666665
    },
    "multi_hop": {
      "n": 15,
      "hit@5": 0.9333333333333333,
      "recall@5": 0.43333333333333335,
      "mrr@10": 0.7605555555555555,
      "routing_correct": 1.0,
      "faithfulness": 0.8413041958041958,
      "answer_relevancy": 0.9003414312998453,
      "latency_ms_mean": 3172.284
    },
    "entity_relation": {
      "n": 15,
      "hit@5": 1.0,
      "recall@5": 1.0,
      "mrr@10": 1.0,
      "routing_correct": 1.0,
      "faithfulness": 0.6293570355868154,
      "answer_relevancy": 0.9132952147059971,
      "latency_ms_mean": 6078.879333333333
    },
    "attribute_query": {
      "n": 15,
      "hit@5": 1.0,
      "recall@5": 1.0,
      "mrr@10": 0.9666666666666667,
      "routing_correct": 1.0,
      "faithfulness": 0.887077922077922,
      "answer_relevancy": 0.9464920719464621,
      "latency_ms_mean": 4018.6013333333326
    },
    "causal": {
      "n": 15,
      "hit@5": 1.0,
      "recall@5": 1.0,
      "mrr@10": 1.0,
      "routing_correct": 1.0,
      "faithfulness": 0.24934268275061114,
      "answer_relevancy": 0.8692647536595662,
      "latency_ms_mean": 8414.247333333333
    },
    "simple_fact": {
      "n": 15,
      "hit@5": 1.0,
      "recall@5": 1.0,
      "mrr@10": 0.9333333333333333,
      "routing_correct": 1.0,
      "faithfulness": 0.9333333333333333,
      "answer_relevancy": 0.8711355540487502,
      "latency_ms_mean": 3536.564666666667
    },
    "comparison": {
      "n": 10,
      "hit@5": 1.0,
      "recall@5": 1.0,
      "mrr@10": 0.95,
      "routing_correct": 1.0,
      "faithfulness": 0.9497222222222221,
      "answer_relevancy": 0.9320283889770508,
      "latency_ms_mean": 6421.237000000001
    }
  },
  "by_expected_strategy": {
    "hybrid_traditional": {
      "n": 75,
      "hit@5": 1.0,
      "recall@5": 1.0,
      "mrr@10": 0.9733333333333334,
      "routing_correct": 1.0,
      "faithfulness": 0.6837748867235232,
      "answer_relevancy": 0.9035366468959385,
      "latency_ms_mean": 6659.4798666666675
    },
    "graph_rag": {
      "n": 15,
      "hit@5": 0.9333333333333333,
      "recall@5": 0.43333333333333335,
      "mrr@10": 0.7605555555555555,
      "routing_correct": 1.0,
      "faithfulness": 0.8413041958041958,
      "answer_relevancy": 0.9003414312998453,
      "latency_ms_mean": 3172.284
    },
    "combined": {
      "n": 10,
      "hit@5": 1.0,
      "recall@5": 1.0,
      "mrr@10": 0.95,
      "routing_correct": 1.0,
      "faithfulness": 0.9497222222222221,
      "answer_relevancy": 0.9320283889770508,
      "latency_ms_mean": 6421.237000000001
    }
  },
  "by_difficulty": {
    "medium": {
      "n": 30,
      "hit@5": 1.0,
      "recall@5": 1.0,
      "mrr@10": 0.9833333333333333,
      "routing_correct": 1.0,
      "faithfulness": 0.6745602477278747,
      "answer_relevancy": 0.9153954274124569,
      "latency_ms_mean": 8663.993
    },
    "hard": {
      "n": 40,
      "hit@5": 0.975,
      "recall@5": 0.7875,
      "mrr@10": 0.8977083333333333,
      "routing_correct": 1.0,
      "faithfulness": 0.6464231350136082,
      "answer_relevancy": 0.896609416604042,
      "latency_ms_mean": 5950.258500000001
    },
    "easy": {
      "n": 30,
      "hit@5": 1.0,
      "recall@5": 1.0,
      "mrr@10": 0.95,
      "routing_correct": 1.0,
      "faithfulness": 0.9102056277056276,
      "answer_relevancy": 0.908813812997606,
      "latency_ms_mean": 3777.583
    }
  }
}