{
  "run_id": "route_v2_smoke",
  "timestamp": "2026-04-27T17:09:20",
  "config": {
    "use_bm25": false,
    "use_rrf": false,
    "use_rerank": false,
    "topic_alignment": false,
    "retrieve_top_k": 10,
    "embedding_model": "BAAI/bge-small-zh-v1.5",
    "llm_model": "deepseek-chat",
    "skip_generation_eval": false,
    "note": ""
  },
  "n_total": 25,
  "n_valid": 25,
  "n_failed": 0,
  "aggregated": {
    "retrieval": {
      "hit@5": 0.96,
      "recall@5": 0.7,
      "mrr@10": 0.8563333333333333
    },
    "routing": {
      "accuracy": 1.0
    },
    "generation": {
      "faithfulness": 0.7803133484872614,
      "answer_relevancy": 0.906515046957855
    },
    "system": {
      "latency_p50_ms": 4876.24,
      "latency_p95_ms": 14525.709999999995,
      "latency_retrieve_p50_ms": 98.49,
      "latency_generate_p50_ms": 4100.09
    }
  },
  "by_question_type": {
    "multi_hop": {
      "n": 15,
      "hit@5": 0.9333333333333333,
      "recall@5": 0.43333333333333335,
      "mrr@10": 0.7605555555555555,
      "routing_correct": 1.0,
      "faithfulness": 0.852921522921523,
      "answer_relevancy": 0.9053670710848499,
      "latency_ms_mean": 3937.9033333333336
    },
    "comparison": {
      "n": 10,
      "hit@5": 1.0,
      "recall@5": 1.1,
      "mrr@10": 1.0,
      "routing_correct": 1.0,
      "faithfulness": 0.6714010868358693,
      "answer_relevancy": 0.9082370107673624,
      "latency_ms_mean": 14342.573999999999
    }
  },
  "by_expected_strategy": {
    "graph_rag": {
      "n": 15,
      "hit@5": 0.9333333333333333,
      "recall@5": 0.43333333333333335,
      "mrr@10": 0.7605555555555555,
      "routing_correct": 1.0,
      "faithfulness": 0.852921522921523,
      "answer_relevancy": 0.9053670710848499,
      "latency_ms_mean": 3937.9033333333336
    },
    "combined": {
      "n": 10,
      "hit@5": 1.0,
      "recall@5": 1.1,
      "mrr@10": 1.0,
      "routing_correct": 1.0,
      "faithfulness": 0.6714010868358693,
      "answer_relevancy": 0.9082370107673624,
      "latency_ms_mean": 14342.573999999999
    }
  },
  "by_difficulty": {
    "hard": {
      "n": 25,
      "hit@5": 0.96,
      "recall@5": 0.7,
      "mrr@10": 0.8563333333333333,
      "routing_correct": 1.0,
      "faithfulness": 0.7803133484872614,
      "answer_relevancy": 0.906515046957855,
      "latency_ms_mean": 8099.7716
    }
  }
}