{
  "run_id": "route_v1",
  "timestamp": "2026-04-26T19:47:50",
  "config": {
    "use_bm25": false,
    "use_rrf": false,
    "use_rerank": false,
    "topic_alignment": false,
    "retrieve_top_k": 10,
    "embedding_model": "BAAI/bge-small-zh-v1.5",
    "llm_model": "deepseek-chat",
    "skip_generation_eval": false,
    "note": ""
  },
  "n_total": 100,
  "n_valid": 100,
  "n_failed": 0,
  "aggregated": {
    "retrieval": {
      "hit@5": 0.85,
      "recall@5": 0.86,
      "mrr@10": 0.6008333333333333
    },
    "routing": {
      "accuracy": 1.0
    },
    "generation": {
      "faithfulness": 0.6001183093991527,
      "answer_relevancy": 0.9002730862519173
    },
    "system": {
      "latency_p50_ms": 8564.18,
      "latency_p95_ms": 15224.3105,
      "latency_retrieve_p50_ms": 3924.025,
      "latency_generate_p50_ms": 4682.09
    }
  },
  "by_question_type": {
    "step_by_step": {
      "n": 15,
      "hit@5": 1.0,
      "recall@5": 1.0,
      "mrr@10": 0.5888888888888888,
      "routing_correct": 1.0,
      "faithfulness": 0.622969699905236,
      "answer_relevancy": 0.9125949268632038,
      "latency_ms_mean": 12912.793999999998
    },
    "multi_hop": {
      "n": 15,
      "hit@5": 0.0,
      "recall@5": 0.0,
      "mrr@10": 0.0,
      "routing_correct": 1.0,
      "faithfulness": 0.0915840825840826,
      "answer_relevancy": 0.8882884286925398,
      "latency_ms_mean": 9931.456
    },
    "entity_relation": {
      "n": 15,
      "hit@5": 1.0,
      "recall@5": 1.0,
      "mrr@10": 0.5833333333333334,
      "routing_correct": 1.0,
      "faithfulness": 0.7427104377104379,
      "answer_relevancy": 0.9122222329614263,
      "latency_ms_mean": 7897.812666666667
    },
    "attribute_query": {
      "n": 15,
      "hit@5": 1.0,
      "recall@5": 1.0,
      "mrr@10": 0.7333333333333333,
      "routing_correct": 1.0,
      "faithfulness": 0.821111111111111,
      "answer_relevancy": 0.9482217502359619,
      "latency_ms_mean": 5543.335999999999
    },
    "causal": {
      "n": 15,
      "hit@5": 1.0,
      "recall@5": 1.0,
      "mrr@10": 0.85,
      "routing_correct": 1.0,
      "faithfulness": 0.17318125229889933,
      "answer_relevancy": 0.8786606874493046,
      "latency_ms_mean": 10135.636
    },
    "simple_fact": {
      "n": 15,
      "hit@5": 1.0,
      "recall@5": 1.0,
      "mrr@10": 0.6166666666666667,
      "routing_correct": 1.0,
      "faithfulness": 0.9326984126984127,
      "answer_relevancy": 0.8536416057894419,
      "latency_ms_mean": 5748.98
    },
    "comparison": {
      "n": 10,
      "hit@5": 1.0,
      "recall@5": 1.1,
      "mrr@10": 0.95,
      "routing_correct": 1.0,
      "faithfulness": 0.6705334861217214,
      "answer_relevancy": 0.9122864145313556,
      "latency_ms_mean": 7893.207
    }
  },
  "by_expected_strategy": {
    "hybrid_traditional": {
      "n": 75,
      "hit@5": 1.0,
      "recall@5": 1.0,
      "mrr@10": 0.6744444444444444,
      "routing_correct": 1.0,
      "faithfulness": 0.6585341827448193,
      "answer_relevancy": 0.9010682406598676,
      "latency_ms_mean": 8447.711733333334
    },
    "graph_rag": {
      "n": 15,
      "hit@5": 0.0,
      "recall@5": 0.0,
      "mrr@10": 0.0,
      "routing_correct": 1.0,
      "faithfulness": 0.0915840825840826,
      "answer_relevancy": 0.8882884286925398,
      "latency_ms_mean": 9931.456
    },
    "combined": {
      "n": 10,
      "hit@5": 1.0,
      "recall@5": 1.1,
      "mrr@10": 0.95,
      "routing_correct": 1.0,
      "faithfulness": 0.6705334861217214,
      "answer_relevancy": 0.9122864145313556,
      "latency_ms_mean": 7893.207
    }
  },
  "by_difficulty": {
    "medium": {
      "n": 30,
      "hit@5": 1.0,
      "recall@5": 1.0,
      "mrr@10": 0.586111111111111,
      "routing_correct": 1.0,
      "faithfulness": 0.6828400688078369,
      "answer_relevancy": 0.9124085799123152,
      "latency_ms_mean": 10405.303333333333
    },
    "hard": {
      "n": 40,
      "hit@5": 0.625,
      "recall@5": 0.65,
      "mrr@10": 0.55625,
      "routing_correct": 1.0,
      "faithfulness": 0.2919684134726151,
      "answer_relevancy": 0.8906775221860304,
      "latency_ms_mean": 9498.46125
    },
    "easy": {
      "n": 30,
      "hit@5": 1.0,
      "recall@5": 1.0,
      "mrr@10": 0.675,
      "routing_correct": 1.0,
      "faithfulness": 0.876904761904762,
      "answer_relevancy": 0.9009316780127019,
      "latency_ms_mean": 5646.157999999999
    }
  }
}